Image Name,Nucleus Area,Cytoplasm Area,Nucleus to Cytoplasm Ratio
img9,29.185158691406254,27.46826843261719,1.0625044954326404
